driver_id,name,gender,age,experience,driving_style,ratings,vehicle_no,average_speed_mph
D1,Daniel Marks,male,47,5,proactive,7,42302347,62.22
D2,Clifford Carr,male,47,14,proactive,4,27867488,60.89
D3,Terry Faulkner MD,male,41,9,conservative,2,13927774,53.67
D4,Brendan Jacobs,male,44,10,proactive,2,69577118,59.82
D5,Vincent Davis,male,41,10,proactive,7,28650047,62.65
D6,Alexander Wheeler,male,49,10,proactive,4,29303248,57.66
D7,Frederick Perry,male,54,17,conservative,9,76304377,40.79
D8,Todd Garrison,male,49,5,,4,21093078,61.7
D9,John Anthony,male,48,0,conservative,3,41713749,42.15
D10,Robert Russell DDS,male,40,6,conservative,2,14730346,46.49
D11,Emily Christian,female,56,19,proactive,4,45395833,62.13
D12,Jared Palmer,male,46,13,proactive,8,63115903,60.13
D13,Robert Tucker,male,50,10,conservative,7,10633538,49.87
D14,Randall Hernandez,male,55,14,proactive,6,32648498,58.28
D15,Steven Williams,male,45,18,proactive,4,30567382,60.77
D16,Joshua Martinez,male,46,9,conservative,3,27799951,38.87
D17,Antonio Hughes,male,49,19,conservative,4,28678505,46.85
D18,Thomas Wilson,male,44,11,conservative,4,27565604,43.93
D19,Kyle Miller,male,51,18,proactive,7,11490614,57.49
D20,Shirley Wilson,female,51,25,conservative,4,77945069,48.95
D21,Steven Walton,male,43,10,proactive,3,96362807,54.95
D22,Dr. Dakota Thomas,male,43,5,proactive,3,14370115,59.43
D23,Scott Jennings,male,45,9,proactive,7,13680498,62.16
D24,Bryan Serrano,male,61,19,conservative,7,12515055,45.94
D25,James Taylor,male,55,23,proactive,4,14407628,59.04
D26,Lee Thompson,male,44,13,proactive,4,29781564,56.85
D27,Ronald Moore,male,45,9,proactive,7,17743573,62.59
D28,Charles Adams,male,43,4,proactive,4,25645401,60.74
D29,Kenneth Jones,male,54,18,proactive,6,24287743,56.12
D30,Walter Webb,male,44,7,proactive,8,33014292,62.2
D31,David Frye,male,50,10,conservative,8,18910102,41.03
D32,Christopher Hunter,male,46,7,proactive,8,17139230,59.36
D33,Andrew Williams,male,51,18,proactive,6,21001184,60.21
D34,Steven Mccoy,male,53,15,proactive,4,27274345,63.16
D35,Jay Hernandez,male,44,6,,7,31908174,61.84
D36,Gary Smith,male,49,14,proactive,4,14541120,63.42
D37,Nicholas Jacobson,male,37,7,proactive,2,28389523,59.53
D38,Alexander Malone,male,53,24,proactive,4,33201533,61.75
D39,Nathaniel Young,male,45,10,conservative,2,25886492,44.95
D40,Alexander Wright,male,43,4,conservative,8,14654654,45.29
D41,Robert Silva,male,44,11,conservative,8,27381592,43.81
D42,Michael Holt,male,46,18,proactive,8,24123509,60.31
D43,William Carroll,male,46,7,conservative,4,81904066,44.02
D44,Isaac Martin,male,49,17,conservative,7,22653688,39.27
D45,Thomas Harris,male,44,16,conservative,4,15561135,39.32
D46,Wayne Austin,male,49,8,conservative,8,21945481,42.63
D47,Brian Hull PhD,male,45,9,conservative,2,23059473,49.41
D48,Brandon Osborn,male,46,5,proactive,2,91138034,63.57
D49,Gregory Swanson,male,46,10,conservative,2,29906375,50.83
D50,Christopher Reeves,male,41,4,proactive,8,11346582,57.43
D51,Gary Hernandez,male,50,14,proactive,4,61292553,59.89
D52,Joshua Stewart,male,41,10,conservative,2,29349534,50.52
D53,Dillon Cruz,male,48,13,conservative,6,16290844,54.29
D54,Jeremy Curtis,male,45,11,conservative,6,23060231,45.3
D55,Timothy Huynh,male,54,22,conservative,4,16825520,42.4
D56,Jason Bowman Jr.,male,46,14,conservative,6,31955961,45.49
D57,Christopher Lopez,male,56,24,conservative,6,23826257,49.9
D58,Randy Brown,male,55,12,conservative,4,14902476,33.15
D59,Albert Gillespie,male,57,26,conservative,4,24774056,44.76
D60,James Lynch,male,55,19,proactive,9,27618452,58.16
D61,Christopher Ramirez,male,45,12,proactive,8,56498624,60.67
D62,Rachel Hutchinson,female,48,14,conservative,8,25523248,45.35
D63,Jeffrey Simmons,male,51,15,proactive,6,12298240,60.17
D64,Wanda Crosby,,45,7,proactive,8,31825609,56.88
D65,Greg Gallagher,male,40,2,conservative,2,12052665,43.79
D66,Thomas Jones,male,57,17,proactive,4,30977437,58.88
D67,William Jenkins,male,42,8,conservative,7,30594654,45.96
D68,Brian Garcia,male,49,5,conservative,8,28978466,45.73
D69,Edward Myers,male,42,7,conservative,7,43346401,49.63
D70,Allen Smith,male,51,24,proactive,9,17464939,57.72
D71,Lucas Shaw,male,42,9,proactive,8,31794890,59.95
D72,Stephen Adkins,male,53,14,conservative,5,29006962,47.01
D73,Michael Walsh,male,61,14,proactive,8,11968468,61.06
D74,Patrick Harvey,male,48,14,proactive,8,22154304,59.38
D75,Shane Adams,male,42,16,conservative,4,15000219,39.1
D76,Brian Wong,male,48,11,proactive,4,12155785,57.9
D77,Melvin Lopez,male,43,10,proactive,4,22622421,61.8
D78,Joshua Martinez,male,46,16,proactive,7,31889845,59.85
D79,Caleb Smith,male,52,26,conservative,9,10630400,39.16
D80,Christopher Rodriguez,male,54,22,proactive,8,12742295,62.13
D81,Christopher Pierce,male,54,16,conservative,6,83629587,35.84
D82,Jeffrey Norman,male,44,12,proactive,8,10390308,60.14
D83,Michael Colon,male,50,15,proactive,4,17374677,58.91
D84,Jorge Smith,male,46,12,proactive,5,22563087,59.34
D85,Joel Lawson,male,49,7,,8,48597864,64.47
D86,Michael Ross,male,50,17,conservative,6,28921384,45.29
D87,Daniel Jones,male,50,6,proactive,7,31363807,59.91
D88,Michael Rodriguez,male,54,26,conservative,9,56029484,54.72
D89,Thomas Stephens,male,49,27,conservative,6,11232163,51.78
D90,Larry Neal,male,60,13,conservative,4,85069715,40.3
D91,Allison Myers,female,44,2,proactive,2,18653108,59.32
D92,David Santana,male,45,17,conservative,8,11759429,44.85
D93,Andrew Wells,male,49,15,proactive,5,95354743,59.01
D94,Timothy Garner,male,47,6,conservative,7,18441286,45.03
D95,Edward Perez,,47,8,conservative,4,24356102,55.09
D96,Joseph Mclaughlin,male,47,8,conservative,2,20212074,49.7
D97,Jenna Robertson,female,49,0,proactive,4,18850246,60.32
D98,Juan Harris,male,45,7,proactive,7,64894212,60.93
D99,Douglas Jackson,male,49,15,proactive,6,10509722,57.94
D100,Zachary Lee,male,45,11,conservative,8,23496275,42.49
D101,David Meadows,male,43,7,conservative,2,16668142,50.1
D102,Kenneth Johnson,male,50,7,proactive,8,31312028,62.11
D103,Alan Terrell,male,50,2,conservative,8,25805634,40.44
D104,Judith Carter,female,56,15,proactive,5,38324855,61.81
D105,Zachary Hardy,male,41,4,conservative,8,21949967,41.56
D106,James Marquez,male,51,24,proactive,8,30336823,60.01
D107,Gabriel Cox,male,45,10,proactive,3,19486564,56.59
D108,Thomas Shields,male,43,13,proactive,4,26739096,63.78
D109,Richard Williams,male,55,19,conservative,7,15060086,41.22
D110,Tyler Wright,male,48,16,conservative,4,19350992,43.68
D111,Christopher Lee,male,40,8,conservative,7,21999423,46.78
D112,Jonathan Ramirez,male,42,10,conservative,7,80740040,47.41
D113,Tyler Aguilar,male,37,3,proactive,2,29378614,61.74
D114,Curtis Wilson,male,49,8,proactive,4,16928992,62.06
D115,Christopher Reid,male,45,15,proactive,5,84586269,60.45
D116,Stephen Flynn,male,39,6,proactive,7,81874052,57.65
D117,Jeremy Dennis,male,57,28,,9,23898198,64.32
D118,Jonathan Evans,male,43,12,proactive,6,84896559,59.66
D119,Jaime Payne,male,54,17,proactive,8,16511798,61.52
D120,Scott Morton,male,57,21,conservative,9,10747274,49.47
D121,Kevin Harvey,male,52,21,proactive,4,30742689,60.99
D122,Nicholas Rodriguez,male,50,18,proactive,4,52057455,60.31
D123,Thomas George,male,45,7,conservative,3,25120714,44.82
D124,Cole Yang,male,53,22,conservative,6,14509814,40.82
D125,Michael Harrison,male,45,8,proactive,4,14875808,60.1
D126,Laura Ramirez,female,48,2,proactive,8,13172330,58.58
D127,Michele Cunningham,female,51,17,conservative,8,30973015,47.02
D128,Jerry Walker,male,50,15,conservative,6,96814728,50.43
D129,Maxwell Perez,male,47,17,conservative,6,33571967,46.67
D130,Joseph Anderson,male,47,16,conservative,4,30423343,42.6
D131,Michael Smith,male,44,17,proactive,4,22705355,64.42
D132,Ryan Barrera Jr.,male,40,3,conservative,7,25558384,41.24
D133,Brooke Owens,female,51,19,conservative,7,28713449,47.11
D134,Paul Thompson,male,45,0,proactive,2,20724268,62.66
D135,Thomas Robinson,male,44,3,proactive,7,24350497,57.43
D136,Lori Abbott,female,46,16,conservative,8,14849907,48.1
D137,Kevin Benton,male,41,6,conservative,8,82265012,49.74
D138,Christopher Garcia,male,59,23,conservative,8,19675258,44.9
D139,Jeremiah Cunningham,male,46,13,proactive,6,14720175,64.48
D140,Gilbert Hunt,,50,14,conservative,6,11889158,48.54
D141,Devin Evans,male,43,6,proactive,2,21716796,60.19
D142,Mark King,male,50,9,proactive,4,17260588,61.66
D143,Jeffrey Owens,male,49,14,conservative,6,90863204,47.74
D144,Matthew Allison,male,59,18,conservative,6,99047862,44.91
D145,Michael Roach,male,48,20,proactive,7,51580610,58.74
D146,Christian Bell,male,54,16,conservative,8,16618542,44.1
D147,Richard Johnson,male,42,18,conservative,8,73014961,37.08
D148,Albert Flores,male,49,8,proactive,3,23024395,61.12
D149,James Herrera,male,46,12,proactive,8,32383950,59
D150,Wesley Rogers,male,52,31,proactive,7,57863670,60.2
D151,Christopher White III,male,54,8,proactive,2,20276394,59.68
D152,Ronald Campbell,male,50,-7,conservative,4,21928760,35.2
D153,Jose Terry,male,53,11,proactive,6,27433073,61.16
D154,Raymond Johnson,male,50,10,proactive,3,25670063,61.65
D155,Adam Hogan,male,52,22,proactive,6,27082207,63.63
D156,Matthew Daugherty,male,44,11,conservative,8,10787409,51.4
D157,Mr. Ryan Spencer,male,44,10,proactive,8,21873226,65.56
D158,Michael Mitchell Jr.,male,52,20,conservative,7,10455714,50.59
D159,Hunter Ruiz,male,53,14,proactive,6,53208128,57.85
D160,Jonathan Rodriguez,male,58,18,proactive,4,29061230,59.82
D161,Sandra Clark,female,46,15,conservative,8,25822301,41.56
D162,Michael Reed,male,42,6,conservative,8,59964723,43.73
D163,Dustin Fuller,male,52,20,proactive,9,27828495,59.52
D164,Kevin Miller,male,41,2,proactive,4,79272556,59.77
D165,Justin Johnson,male,42,10,proactive,7,22421199,60.27
D166,Willie Roberts,male,51,12,conservative,4,65204544,40.52
D167,Christopher Baker,male,39,4,conservative,2,22563920,39.94
D168,David Marks,male,49,12,conservative,6,21011340,47.68
D169,Emily Kerr,female,55,8,proactive,3,24444155,56.41
D170,Michael Long,male,51,21,conservative,9,10048865,39.03
D171,Brian Goodwin,male,39,6,,7,28529541,59.09
D172,Jay Bishop,male,44,9,conservative,7,23639934,42.24
D173,William Graham,male,45,14,proactive,4,32479492,61.01
D174,Robert Archer,male,49,6,conservative,2,11972697,42.61
D175,Ryan Stark,male,44,2,conservative,3,28331634,43.74
D176,Jeff Alexander,male,41,13,conservative,6,15421875,54.35
D177,Jerry Powers,male,41,7,conservative,2,61984883,56.94
D178,Randall Campbell,male,42,11,conservative,6,27086559,39.88
D179,Jeffrey Lowe,male,50,12,proactive,5,16325476,58.05
D180,Kyle Vega,male,56,13,proactive,4,32241370,59
D181,Christine Garrett,female,54,28,proactive,9,27772723,58.15
D182,Christopher Richardson,male,62,22,conservative,9,22065392,44.53
D183,Stephen Ward,male,49,20,proactive,4,28674842,62.2
D184,Mr. Robert Schmidt,male,57,20,conservative,6,21026790,56.15
D185,Zachary Hayes,male,46,1,proactive,8,16560736,64.15
D186,Brian House,male,54,21,conservative,7,46155960,41.33
D187,Joe Dixon,male,48,7,proactive,2,25366317,63.05
D188,Derek Wheeler,male,51,12,proactive,5,12773858,62.35
D189,Thomas Howard,male,49,2,proactive,2,25556132,58.97
D190,Debra Murphy,female,43,6,conservative,8,66365909,38.15
D191,Daniel Santos,male,50,10,conservative,3,27998086,45.85
D192,Craig Harmon,male,49,16,conservative,9,26687586,49.27
D193,Kevin Moore,male,47,13,conservative,6,32984940,51.7
D194,Manuel Carter,male,43,4,proactive,2,24220764,59.04
D195,Douglas Rhodes,male,48,23,proactive,4,85990603,63.37
D196,Allen Palmer,male,49,19,,4,75281181,66.51
D197,Jason Blake,male,53,19,proactive,9,33546317,58.62
D198,Matthew Bender,male,59,20,proactive,7,91877740,56.64
D199,Ronald Trujillo,male,47,10,proactive,4,88471068,56.53
D200,David Middleton,,37,6,,3,19380767,63.95
D201,Ralph Coleman,male,44,2,conservative,3,15242565,41.43
D202,Roger Dawson,male,49,10,conservative,7,25577731,38.39
D203,Joseph Lopez,male,45,2,conservative,2,77969688,46.12
D204,Brendan Mcdowell,male,52,16,conservative,7,31295807,54.78
D205,Maurice Howe,male,53,26,proactive,6,10234289,61.97
D206,Carl Jones,male,49,9,proactive,2,22220018,59.77
D207,Chad Harper,male,54,17,proactive,8,21260443,59.56
D208,Earl Watson,male,60,16,conservative,7,29008685,39.7
D209,Devin Ferguson,male,47,2,proactive,2,47842104,60.58
D210,Eric Collins,male,55,14,proactive,6,48123356,55.7
D211,John Vasquez,male,47,4,conservative,4,18855810,48.03
D212,Matthew Keith,male,47,21,conservative,6,29135433,46.2
D213,Bryce Mills,male,47,12,proactive,6,13131138,59.33
D214,Brian Ibarra,male,53,22,proactive,8,10375958,58.38
D215,Michael Jacobs,male,47,10,proactive,8,18882093,61.46
D216,David Murray,male,54,18,conservative,7,88252334,42.02
D217,Joseph Kelly,male,44,11,proactive,5,30794834,63.11
D218,Joshua Johnson,male,45,2,proactive,2,23236058,57.65
D219,Steven Knight,male,51,29,proactive,8,61926000,59.03
D220,Patrick Fuentes,male,39,5,conservative,3,21539605,47.22
D221,Jack Clark,male,48,3,proactive,3,21111802,60.85
D222,Cody Rodriguez,male,50,0,conservative,7,26872264,39.99
D223,Rickey Huffman,male,48,9,proactive,7,22209237,60.31
D224,Joshua Fox,male,41,3,conservative,3,24288637,44.7
D225,Joshua Cunningham,male,54,12,proactive,4,14046819,58.14
D226,James West DVM,male,52,26,conservative,8,21048046,44.61
D227,Samuel Glenn,male,45,16,conservative,7,33921946,36.3
D228,Stephen Thomas,male,51,14,proactive,6,11191961,59.57
D229,Sandra Wilson,female,44,13,conservative,6,50064164,44.74
D230,Julia Graham,female,50,8,conservative,3,17867711,29.15
D231,James Dillon,male,56,21,proactive,7,23821505,60.48
D232,Gregory Reese,male,47,18,conservative,9,24429827,44.65
D233,Matthew Mcintyre,male,52,20,proactive,9,31669111,62.25
D234,Theodore Mcknight,male,53,25,conservative,9,64315497,49.91
D235,Joseph Escobar,male,50,4,conservative,8,26753518,43.06
D236,Matthew Taylor,male,41,6,conservative,2,28507630,39.81
D237,Raymond Larson,male,47,13,conservative,6,46115322,47.14
D238,John Anderson,male,49,5,conservative,8,29054232,46.17
D239,Daniel Garcia,male,46,15,,4,99981667,61.52
D240,Derek Johnson,male,46,12,conservative,5,18507407,49.89
D241,John Alexander,male,51,18,conservative,4,17036941,35.58
D242,Leonard Austin,male,45,8,conservative,3,10966168,43.4
D243,Mark Harper,male,47,12,proactive,8,24859292,60.66
D244,Katie Armstrong,female,45,14,conservative,6,28411080,42.94
D245,Jennifer Johnson,female,51,12,proactive,8,24803038,57.47
D246,Stanley Bowen,male,37,4,conservative,3,29791384,43.66
D247,Shawn Johnson,male,49,2,conservative,2,28641704,47.86
D248,Joshua Mccarthy,male,52,15,proactive,6,18255500,58.11
D249,Alexander Fischer,male,46,5,conservative,2,33250272,42.96
D250,Todd Ferguson,male,51,25,conservative,8,12183762,45.43
D251,David Beasley,male,46,7,proactive,3,26874710,58.65
D252,Lucas Salazar,male,44,19,proactive,7,41797401,61.94
D253,Amanda Alvarado,female,45,4,proactive,4,21265684,56.85
D254,Michael Jones,male,49,6,proactive,8,25314663,56.34
D255,Jacob Thompson,male,46,4,proactive,4,29121332,59.33
D256,Adam Wall,male,42,9,conservative,7,19289011,43.5
D257,William Long,male,45,13,proactive,4,10495266,59.39
D258,Mark Garcia,male,50,6,proactive,3,14732208,57.66
D259,David Kennedy,male,48,-2,conservative,8,24034677,42.67
D260,Jeremy Huynh Jr.,male,57,18,conservative,7,26911166,43.92
D261,Teresa Fields,female,56,17,proactive,9,68430851,63.59
D262,Ryan Casey,male,61,7,proactive,3,25017099,58.69
D263,Samuel Lane,male,51,28,conservative,7,20482428,43.75
D264,Christopher Knight,male,49,-2,proactive,8,31840617,58.94
D265,Andre Hayes,male,49,6,conservative,8,32293070,43.85
D266,James Horn,male,46,7,conservative,2,32668232,49.34
D267,Stephen Salinas,male,45,3,conservative,7,26165649,43.15
D268,Jose Chavez,male,54,15,proactive,5,16013013,63.15
D269,Cody Hernandez,male,52,17,conservative,7,21103543,44.58
D270,Jason Lopez,male,47,9,,8,58330582,65.42
D271,Benjamin David,male,39,3,proactive,3,24929825,64
D272,Gregory Christensen,male,43,4,proactive,2,41046509,61.57
D273,Jack Mahoney,male,53,19,conservative,4,39580514,54.06
D274,Angel Ramirez,male,39,4,conservative,3,26459758,47.94
D275,Dr. Fernando Ross PhD,male,45,12,conservative,6,15048376,39.53
D276,Mr. Wayne Smith,male,52,27,conservative,7,29106045,38.86
D277,Michael Jones,male,45,11,conservative,4,32255566,35.32
D278,Earl Hicks,male,56,27,conservative,7,11973768,46.85
D279,Daniel Duran,male,48,1,proactive,7,80470212,55.19
D280,Dennis Moore,male,45,11,proactive,5,22112064,63.3
D281,Tyler Smith,male,47,11,proactive,5,22239531,56.31
D282,Carlos Torres,male,38,9,proactive,2,27585963,63.31
D283,Richard Kaufman,male,44,16,conservative,4,93257833,48.2
D284,Brian Rice,male,45,10,conservative,4,95696710,43.35
D285,Ronald Clark,male,46,14,conservative,6,27668566,40.5
D286,Robert Watts,male,47,12,proactive,5,15886277,62.02
D287,Sean Hester MD,male,47,9,proactive,3,26079111,59.3
D288,Roy Banks,male,54,25,conservative,7,22913195,48.23
D289,Allen Finley,male,45,11,conservative,8,13439737,47.51
D290,James Phelps,male,50,6,proactive,4,16640575,58.44
D291,Jacob Carney,male,50,6,,8,10366123,66.02
D292,William Smith,male,47,13,conservative,4,14262671,36.52
D293,Steven Carter,male,47,7,conservative,4,99568033,44.26
D294,Brent Sullivan,male,46,8,conservative,7,20558404,43.69
D295,Robert Burgess,male,57,21,conservative,6,26511178,42.01
D296,Jeffrey Fletcher,male,53,11,proactive,6,25773008,62.33
D297,Jon Medina,male,50,12,proactive,5,14688558,59.6
D298,Matthew Young,male,46,13,conservative,5,14915064,44.2
D299,Dr. Chad Garza,male,40,5,,3,57473533,64.71
D300,Daniel Smith,male,53,20,conservative,7,26768431,47.15
D301,Jeffrey Arnold,male,58,16,conservative,7,24964335,40.37
D302,Katelyn Smith,female,40,6,proactive,8,57182671,59.5
D303,Tyler Alvarado,male,39,2,proactive,3,30147233,62.07
D304,Jacob Hooper,male,45,12,conservative,6,26768849,39.05
D305,Bryan Harrison,male,48,18,conservative,6,40072775,34.5
D306,David Beck,male,51,31,proactive,4,32864873,61.35
D307,William Hawkins,male,58,18,conservative,9,19571575,38.25
D308,Rodney Thompson,male,49,10,proactive,3,27565289,59.65
D309,James Johnston,male,47,11,conservative,5,13603119,44.32
D310,Christopher Rubio,male,57,9,proactive,8,31057269,59.95
D311,Matthew Lindsey,male,42,6,conservative,4,50812426,37.74
D312,Philip Martinez,male,42,9,conservative,3,14357029,42.84
D313,Mr. Chad Howard MD,male,46,1,proactive,7,12168173,58.87
D314,Franklin Allison,male,44,12,proactive,6,91955140,60.33
D315,Barry Wood,male,46,6,proactive,2,76949042,58.63
D316,Olivia Campbell,female,47,7,proactive,8,14560694,56.77
D317,Stephen Travis,male,43,10,conservative,2,11189150,57.57
D318,George Webb,male,45,16,proactive,9,31827682,59.97
D319,Peter Levy,male,50,5,,4,15506849,66.34
D320,Brandon Allen,male,48,10,conservative,2,32898016,48.17
D321,Mrs. Joanna Kim,female,41,12,proactive,6,26375094,60.42
D322,Jason Murillo,male,48,17,proactive,4,31403868,56.82
D323,Stephen Potter,male,43,7,proactive,2,21680317,61.58
D324,Mr. David Caldwell,male,50,0,proactive,2,26840608,59.29
D325,Brady May,male,46,0,proactive,8,87277280,63.52
D326,Jeremy Phillips,male,56,17,proactive,4,16815307,59
D327,David Morales DVM,male,48,12,conservative,6,88231513,39.22
D328,Manuel Jimenez,male,42,8,conservative,3,22748353,29.32
D329,Michael Bennett,male,45,9,proactive,8,18264020,61.46
D330,Thomas Barrett,male,38,5,conservative,3,29433242,42.78
D331,Charles Wilson,male,41,10,conservative,3,59960001,45.07
D332,Jeremiah Edwards,male,40,2,conservative,3,27384735,51.78
D333,Michael Rogers,male,38,4,conservative,8,28641239,44.35
D334,Brandon Moore,male,40,6,,3,61318546,61.89
D335,John Shaffer,male,46,8,conservative,4,25347670,47.17
D336,Christopher Small,male,46,6,proactive,8,21243568,61.59
D337,Hayley Poole,female,43,0,conservative,2,24712768,50.93
D338,Oscar Lawson,male,51,10,proactive,4,18273387,57.85
D339,Gregory Snyder,male,52,20,conservative,4,31923822,47.57
D340,Matthew Brown,male,52,21,proactive,6,19112093,61.04
D341,Kevin Reed,male,47,13,proactive,8,45849400,60.76
D342,Linda Anthony,,40,6,conservative,4,95491489,49.74
D343,Kurt Smith,male,42,13,proactive,8,31562809,63.74
D344,Nicholas Graham,male,51,16,conservative,6,77757333,53.06
D345,Alejandro Lloyd,male,47,6,proactive,8,33246891,57.38
D346,Jesse Thompson,male,48,12,conservative,6,51527807,45.26
D347,John Wade,male,42,9,proactive,4,17787739,59.6
D348,Mr. Douglas Koch Jr.,male,39,4,conservative,2,27935116,47.15
D349,Austin Wallace,male,52,18,conservative,9,20832950,49.54
D350,Justin Gonzalez,male,47,9,conservative,4,81965280,57.58
D351,Alex Vega,male,42,18,conservative,8,50632770,44.79
D352,Taylor Vasquez,male,47,5,conservative,3,13631150,44.45
D353,Oscar Tucker,male,41,11,conservative,5,31692825,45.81
D354,Robert Mcdonald,male,52,13,conservative,8,59301367,46.56
D355,James Holmes,male,40,3,conservative,4,38811305,49.68
D356,Darryl Gilbert,male,45,13,conservative,4,26210303,48.88
D357,John Coleman,male,50,13,conservative,6,17692634,45.07
D358,Tony Robbins,male,42,16,proactive,6,10946672,61.28
D359,Matthew Lopez,male,53,20,conservative,7,23110145,51.65
D360,Mr. Edward Williams,male,40,6,conservative,4,63036432,41.31
D361,Christopher Shaw,male,39,4,conservative,2,25951646,47.45
D362,Jim Reed,male,52,25,conservative,9,11911595,49.45
D363,Nathan Baker,male,43,6,proactive,8,12602955,64.11
D364,Robert Shaw,male,42,5,conservative,4,10491120,46.36
D365,Jason Baldwin,male,54,18,conservative,9,32501985,46.02
D366,Randy Wilson,male,51,15,conservative,4,88372671,46.82
D367,Jacob Jordan,male,45,11,proactive,5,12323896,61.7
D368,Dennis Ruiz,male,60,23,conservative,9,11996989,43.66
D369,Joel Phillips,male,56,22,conservative,9,10140178,43.42
D370,Kyle Whitney,male,55,13,conservative,6,30630049,43.37
D371,Billy Garcia,male,53,20,proactive,7,11275725,62.51
D372,John Hoover,male,50,8,proactive,7,18895478,60.8
D373,Andrew Williams,male,47,6,conservative,3,22305237,47.32
D374,Nicholas Montgomery,male,48,15,proactive,6,27261804,62
D375,John Richardson,male,52,24,proactive,4,71734543,65.17
D376,John Jones,male,54,24,conservative,8,17142878,53.4
D377,Jared Lee,male,53,15,proactive,8,84718593,60.54
D378,Derrick Sims,male,47,14,proactive,6,97021490,58.57
D379,Russell Sanchez,male,48,14,proactive,4,12240406,59.18
D380,Frank Ramirez,male,49,12,proactive,6,18591984,55.29
D381,Seth Roberson,male,60,22,conservative,7,84769150,42.39
D382,Robert Short,male,43,10,conservative,2,27887726,46.57
D383,Christopher Vaughan,male,49,15,conservative,6,23679896,51.65
D384,Kyle Jenkins,male,57,22,proactive,9,18148503,59.11
D385,Matthew Garcia,male,50,18,conservative,6,25300316,48.22
D386,Timothy Campbell,male,50,11,proactive,4,78564988,59.36
D387,Nathan Buchanan,male,54,21,conservative,7,15673353,44.97
D388,Gregory Rios,male,49,3,conservative,8,27677000,48.22
D389,James Kelley,male,56,30,proactive,9,18663378,60.29
D390,Vincent Davis,male,45,15,conservative,5,57783233,46.58
D391,Eric Wright,male,41,4,proactive,8,67789320,61.24
D392,William Smith,male,44,11,proactive,4,98891327,61.32
D393,Jose Phillips,male,45,10,proactive,8,18611599,57.74
D394,George Cunningham,male,44,9,proactive,2,14840940,58.54
D395,Jeffrey Coleman,male,43,12,proactive,6,29839726,57.07
D396,Brian Sanders,male,54,11,conservative,8,83302529,44.46
D397,Ryan Williams,male,50,15,conservative,6,24236441,41.8
D398,Edward Cobb,male,56,23,proactive,6,31937037,60.99
D399,Luke Kennedy,male,42,2,proactive,7,24859831,60.48
D400,Kyle Wagner,male,57,10,conservative,7,83958550,45.88
D401,Ryan Clayton,male,48,10,conservative,7,33788665,47.36
D402,David Payne,male,45,13,proactive,6,66265520,59.23
D403,Joseph Martinez,male,45,3,conservative,4,76092602,43.94
D404,Trevor Bryant,male,55,14,proactive,4,27624262,61.36
D405,Eric Mullen,male,39,6,conservative,8,30458082,43.55
D406,Martin Mitchell,male,44,1,conservative,2,20409026,45.86
D407,Joshua Romero,male,45,6,conservative,2,32554054,43.24
D408,Ryan Smith,male,43,11,conservative,5,16959470,44.41
D409,Joshua Walker,male,50,10,conservative,4,26946012,35.29
D410,Matthew Grant,male,46,14,conservative,4,39847672,46.12
D411,Ronald Hudson,male,43,9,proactive,3,25800303,60.19
D412,Randy Christensen,male,52,24,proactive,7,13805911,60.35
D413,Brandy Jenkins,,50,5,proactive,4,31454477,59.49
D414,Martin Wilkins,male,46,8,conservative,7,20792581,37.54
D415,Michael Elliott,male,47,3,conservative,8,71137292,42.25
D416,Evan Lee,male,44,7,conservative,4,22786362,47.62
D417,William Velez,male,50,17,proactive,7,31003220,60.09
D418,Kristopher Wheeler,male,43,10,proactive,2,91771941,62.38
D419,Deanna Ho,,49,8,proactive,7,15081964,62.45
D420,Craig Day,male,47,9,proactive,8,29121693,60.34
D421,Stephen Page,male,47,13,conservative,4,28775989,39.39
D422,Jeremy Hurst PhD,male,57,19,proactive,7,12911518,60.84
D423,Christopher Clark,male,49,12,proactive,8,33107659,59.86
D424,Ronald Steele,male,55,13,proactive,4,13524164,61.35
D425,Daniel Hayes,male,46,13,proactive,6,21784492,61.2
D426,John Hampton,male,50,6,proactive,3,14232365,57.6
D427,Jessica Ward,,45,11,proactive,4,44897730,58.21
D428,Robin Howell,female,48,11,conservative,4,10822881,35.07
D429,Jeffery Johnson,male,55,13,conservative,5,12642421,56.84
D430,Michael Burton,male,46,5,conservative,3,27775623,48.11
D431,Danny Short,male,49,1,proactive,3,28973978,57.87
D432,Steven Mitchell,male,51,14,proactive,5,22458296,58.7
D433,Anthony Brown,male,47,11,proactive,4,33867840,61.02
D434,Dustin Jennings,male,45,16,proactive,9,18678032,59.91
D435,Joseph Hernandez,male,49,14,,8,69417303,64.97
D436,Andre Torres,male,51,17,proactive,9,25385693,58.27
D437,Kevin Parker,male,51,28,proactive,4,15771794,58.02
D438,Kimberly Wilson,,58,21,proactive,6,11370323,60.79
D439,Brandon Thompson,male,45,8,proactive,7,13792231,60.53
D440,Shawn Dixon,male,50,12,conservative,4,73474297,37.65
D441,Jeffrey Daniels,male,53,23,conservative,8,26367553,38.35
D442,Justin Perez,male,48,15,conservative,8,21071765,44.02
D443,Brian Smith,male,47,6,,3,28006103,63.95
D444,Eric Gill,male,54,6,proactive,8,25160188,57.15
D445,Dr. Gregory Lutz,male,45,1,conservative,8,19445339,48.44
D446,Kevin Sanchez,male,49,6,proactive,7,98191873,59.46
D447,Mr. Brandon Mclean,male,50,6,proactive,8,62119001,60.17
D448,David Sanchez,male,49,7,proactive,2,13779072,60.9
D449,Joshua Hernandez,male,48,-2,proactive,2,19167358,58.26
D450,Robert Cohen,male,42,13,,8,19695271,65.04
D451,Russell Ward DDS,male,50,9,,8,32516697,63.54
D452,Noah Shah,male,39,3,conservative,3,22376424,47.85
D453,Matthew Rose,male,47,13,proactive,6,53279386,59.85
D454,Nicholas Kerr,male,53,24,proactive,6,30423832,61.13
D455,James Johnson,male,41,16,conservative,7,24136996,44.14
D456,Dennis Wilson,male,45,4,proactive,3,21539260,62.09
D457,Steven Finley,male,47,12,proactive,4,32772853,58.98
D458,David Sosa,male,50,12,conservative,4,13068930,40.5
D459,Joshua Reed,male,36,4,proactive,8,14223048,59.21
D460,Benjamin Simmons,male,43,10,proactive,8,35475873,62
D461,Kelsey Mccarthy,female,51,21,proactive,9,33994055,59.4
D462,Carl Ramirez,male,51,16,conservative,4,29299682,39.85
D463,Christopher Smith,male,41,1,conservative,3,27188149,50.48
D464,Jordan Mcdonald,male,49,6,proactive,8,64144761,57.92
D465,Thomas Pace,male,47,9,proactive,3,10363832,64.99
D466,Donald Brooks,male,46,11,proactive,6,22695998,57.41
D467,Anthony Patterson,male,43,20,proactive,6,75452905,61.54
D468,Nathan Gonzales,male,44,7,conservative,4,14698380,39.18
D469,Henry Dunn,male,47,20,proactive,4,48116553,62.09
D470,James Johnson,male,42,0,,7,12156651,63.14
D471,Thomas Brown,male,52,13,conservative,5,14907586,45.85
D472,Robert Burns,male,46,12,conservative,6,13531857,44.43
D473,Dr. Wayne Clark,male,49,10,proactive,7,20067958,60.29
D474,Patrick Kerr,male,54,20,conservative,7,11098873,42.68
D475,Todd Mitchell,male,40,3,,3,15371035,61.95
D476,Brandon Hunt,male,41,7,proactive,2,12933975,57.07
D477,Heather Elliott,,44,9,conservative,8,23562847,42.24
D478,Christopher Morales,male,56,18,proactive,7,22126955,58.74
D479,Amy White,female,41,12,conservative,8,98614931,46.84
D480,Christopher Weaver,male,59,16,conservative,6,23471751,48.42
D481,Charles Oconnor,male,50,11,conservative,6,89203390,43.88
D482,Todd Kelley,male,46,5,proactive,3,11548897,58.42
D483,Alexander Vance,male,41,15,proactive,4,68963717,56.33
D484,Shawn Ryan,male,49,13,proactive,6,33710423,58.26
D485,Ryan Watkins,male,65,20,proactive,4,32206692,60.88
D486,Luis Anderson,male,45,10,conservative,3,30203269,38.29
D487,Matthew Tran,male,52,22,proactive,7,42092993,58.99
D488,David Miller,male,54,26,conservative,4,14058250,49.1
D489,Marvin Carson DDS,male,48,7,proactive,4,29569473,55.21
D490,Carl Harding,male,46,2,conservative,8,48415653,53.48
D491,Brian Garza,male,48,8,proactive,7,24141016,60.75
D492,Arthur Robertson,male,49,5,conservative,2,31807145,37.11
D493,Martin Edwards,male,50,4,conservative,8,20058612,44.23
D494,Randall Kirk,male,46,4,conservative,3,17407709,57.31
D495,John Graham,male,37,3,conservative,8,33677790,49.3
D496,Eric Brown,male,54,19,conservative,4,81243042,47.98
D497,Ryan Watkins,male,47,9,proactive,2,32778747,58.67
D498,Tommy Blankenship,male,51,19,conservative,7,20958889,40.96
D499,Todd Chandler,male,46,12,,4,41638642,64.63
D500,John Allen,male,51,11,proactive,4,72777903,62.62
D501,Jeffrey Lopez,male,50,17,conservative,8,16965717,33.31
D502,Nathan Mendez,male,47,18,proactive,6,30302867,61.4
D503,Tracy Adams,male,50,4,conservative,3,26923239,48.14
D504,Mark Rivera,male,46,0,proactive,8,14638240,60.46
D505,Jeffrey Smith,male,47,9,conservative,8,10248113,35.86
D506,Steven Pierce,male,50,12,,5,31642729,64.6
D507,Duane Keller,male,47,17,proactive,8,28085803,60.75
D508,Jeremy Mendoza,male,57,25,conservative,7,23736018,48.75
D509,Megan Novak,,51,21,proactive,9,19980822,60.8
D510,Andrew Thompson,male,49,16,conservative,4,46619422,49.47
D511,Dale Shaw,male,48,13,proactive,4,15821176,60.25
D512,Carlos Barrera,male,47,9,proactive,8,33171837,61.06
D513,Albert Hale,male,48,4,proactive,2,86730900,59.27
D514,Michael Williams,male,52,19,conservative,8,89718833,46.85
D515,Bryan Bell,male,43,10,proactive,8,29965111,56.78
D516,Scott Lucas,male,50,11,proactive,5,23496767,63
D517,Kimberly Torres,female,55,24,conservative,9,30822651,54.19
D518,David Henderson,male,44,12,proactive,5,82942283,60.83
D519,Scott Levy,male,46,-3,proactive,8,14625993,64.51
D520,Willie Davis,male,44,15,proactive,4,10042923,58.17
D521,Michael Campbell,male,44,7,proactive,2,90225505,60.61
D522,Sean Gilmore,male,47,7,conservative,7,74499001,39.22
D523,Chris King,male,43,11,proactive,6,33972412,64.28
D524,Miguel Phillips,male,48,5,proactive,2,16991743,59.59
D525,Mr. Jeremy Hall,male,44,10,conservative,8,11248098,52.44
D526,John Miller,male,49,7,proactive,3,10489983,61.35
D527,Jacob Lee,male,48,16,proactive,4,12823463,59.98
D528,Jeremy Mcmahon,male,44,3,proactive,8,21597980,59.86
D529,Cory Harmon,male,50,10,conservative,7,26114011,49.21
D530,Anthony Baker,male,46,12,proactive,5,11257008,60.46
D531,Jonathan Bishop,male,41,7,proactive,3,12137340,65.21
D532,Jose Wright,male,47,5,conservative,4,17386890,50.88
D533,John Le,male,41,16,conservative,6,15302925,46.28
D534,James Hernandez,male,46,9,proactive,2,35580954,59.54
D535,Joshua Hayes,male,37,3,,7,14316933,60.67
D536,Jonathan Vincent,male,49,12,proactive,4,42486624,59.71
D537,Benjamin Vargas,male,51,24,proactive,4,68645374,59.02
D538,David Wilson,male,45,16,proactive,9,26142889,58.56
D539,Dr. Shelly Huang,female,44,12,proactive,6,22811669,59.33
D540,Jonathan Alexander,male,44,9,conservative,3,29780011,52.16
D541,Jason Barnes,male,45,3,conservative,7,49158022,46.52
D542,Brian Robinson,male,50,11,proactive,5,22171671,61.11
D543,Anthony Lee,male,61,21,conservative,9,25301979,48.54
D544,Daniel Lewis,male,44,11,proactive,8,16550307,59.33
D545,Steve Duke,male,58,20,proactive,9,27061072,61.25
D546,Robert Schneider,male,49,11,,6,21531217,61.66
D547,John Hamilton Jr.,male,53,20,conservative,9,31534922,50.23
D548,Kristina Brandt,female,55,23,proactive,9,18489180,60.11
D549,Juan Bauer,male,41,16,proactive,7,47488840,58.1
D550,Deborah Cordova,female,46,15,proactive,4,74054998,57.23
D551,Robert Fitzpatrick,male,42,12,proactive,4,23138031,57.63
D552,Thomas Hogan,male,51,20,conservative,8,18611501,43.95
D553,Christopher Barnes,male,50,4,conservative,4,15567425,40.48
D554,Jacob Patton,male,45,7,conservative,8,10990009,41.66
D555,Kurt Torres,male,48,12,conservative,6,31120899,52.81
D556,Timothy Fowler,male,49,10,conservative,8,10962127,43.39
D557,Cole Krueger,male,46,19,conservative,6,87511111,49.38
D558,Scott Wells,male,49,10,proactive,2,29613698,58.96
D559,Edward Harris,male,54,18,conservative,7,47024382,42.25
D560,Jonathan Rojas,male,46,9,conservative,4,18463805,44.8
D561,Brian Gardner,male,51,16,conservative,6,31874571,49.7
D562,Sean Shepard,male,45,1,conservative,8,21162393,41.37
D563,Ian Cabrera,male,43,14,conservative,5,19970766,55.36
D564,Scott Carrillo,male,48,2,conservative,7,24806622,42.86
D565,Jill Gutierrez,female,52,20,conservative,7,79515526,50.38
D566,Nicholas Arroyo,male,50,10,conservative,2,23244180,52.27
D567,David Alvarado,male,49,8,conservative,7,20339561,33.94
D568,Dylan Kelley,male,55,25,proactive,7,31028955,61.93
D569,Justin Harrison,male,47,22,conservative,4,20260455,38.25
D570,Eric Rodriguez,male,46,4,conservative,3,60567423,48.62
D571,Richard Burton,male,39,4,proactive,3,44329842,57.67
D572,Stephen Weber,male,49,22,conservative,9,86779795,35.58
D573,Steven Bishop,male,47,12,proactive,8,59856374,57.04
D574,David Hess DVM,male,44,16,proactive,7,24763016,60.87
D575,Douglas Hardin,male,43,10,proactive,4,18945021,57.78
D576,Steven Murray,male,42,-3,proactive,8,89718106,61.59
D577,Dennis Owens,male,53,24,proactive,8,28753771,57.72
D578,Emily Foster,,48,5,proactive,3,29077811,59.83
D579,Steven Moore,male,45,4,conservative,7,28161729,51.3
D580,Manuel Wise,male,48,9,proactive,7,30312694,57.36
D581,Paul Adams,male,51,31,proactive,8,12526607,59.64
D582,Jeffrey Lambert,male,45,14,conservative,6,10784487,38.98
D583,Robert West,male,49,16,proactive,4,24681381,58.09
D584,Tracy Griffin,,41,8,proactive,4,28524845,60.01
D585,Michael Bullock,male,42,-5,conservative,3,30137411,50.49
D586,Dakota Brown,male,51,20,proactive,9,19194234,59.53
D587,Matthew Smith,male,43,0,proactive,8,25976643,56.79
D588,Joshua Perry,male,43,20,proactive,6,12814755,60.1
D589,Melissa Tran,female,43,4,proactive,4,31297189,60.58
D590,William Hoffman,male,52,28,conservative,7,20516509,37.67
D591,David Yoder,male,44,9,proactive,3,16311717,59.04
D592,Daniel Davis,male,43,3,proactive,8,21569652,59.29
D593,Robert Arroyo,male,50,7,conservative,7,26292563,56.98
D594,John Hall,male,43,5,conservative,3,22554932,40.95
D595,Matthew Vasquez,male,52,21,proactive,8,25536738,58.72
D596,Alexander Walton,male,38,4,conservative,2,23309143,37.72
D597,Mark Miles,male,53,19,conservative,9,33516218,40.02
D598,Tony Cantu,male,47,11,conservative,4,27121057,44.85
D599,Daniel Kelley,male,46,13,conservative,6,14841519,31.63
D600,Robert Johnston,male,58,21,conservative,9,79540804,52.25
D601,Joshua Kennedy,male,51,12,proactive,4,16654459,57.94
D602,Michael Parker,male,44,9,conservative,4,40030230,52.1
D603,Evan Jackson,male,54,21,proactive,7,57362582,58.05
D604,Craig Yates,male,38,5,proactive,4,31057971,60.52
D605,Ryan Craig,male,50,16,conservative,9,78446029,56.74
D606,Gary Kim,male,56,24,proactive,8,81492294,64.75
D607,William Brown,male,50,6,conservative,8,94792980,52.88
D608,John Preston,male,48,0,proactive,4,32628678,60.18
D609,William Stone,male,48,16,proactive,4,29956808,60.35
D610,Eddie Richardson,male,47,19,proactive,9,18180423,60.59
D611,Timothy Nguyen,male,32,6,conservative,8,25155294,56.84
D612,Martin Oneal,male,51,17,conservative,4,31139762,48.76
D613,Alexander Hoover,male,49,0,proactive,7,12492275,59.49
D614,Kevin Terry,male,38,7,proactive,4,22809517,60.88
D615,John Mcbride,male,55,25,proactive,4,31770381,63.96
D616,Paula Mckee,female,39,7,proactive,4,14310127,62.82
D617,Francis Robinson IV,male,48,12,conservative,8,11699550,48.17
D618,Michael Martinez,male,50,12,conservative,8,75500652,40.08
D619,Walter Mccarty,male,55,14,proactive,4,32599168,61.05
D620,Michael Rios,male,55,24,conservative,9,54123965,41.66
D621,Charles Holmes,male,55,20,proactive,6,29596705,58.58
D622,Nicholas Stone,male,54,21,proactive,9,57599938,59.86
D623,James Vasquez,male,44,14,proactive,6,16132858,63.53
D624,Charles Harmon,male,37,5,proactive,3,18318087,57.77
D625,Clifford Young,male,38,6,conservative,4,18443612,43.05
D626,David Rivera,male,52,21,proactive,7,11244695,61.53
D627,Edward Henderson,male,51,24,conservative,4,13727292,40.91
D628,Brett Estrada,male,50,5,conservative,8,68559076,49.77
D629,Robert Wilson,male,55,24,conservative,9,55617675,46.94
D630,Craig Velasquez,male,54,20,,7,23007785,60.43
D631,Michael Perkins,male,43,5,proactive,7,33834430,58.45
D632,Jesse Humphrey,male,28,4,proactive,4,29401560,58.69
D633,Todd Bryan,male,62,19,proactive,9,10635114,61.11
D634,Michael Snyder,male,52,16,,9,22182749,65.06
D635,Keith Bates,male,45,0,proactive,7,24216205,58.18
D636,Daniel Ward,male,50,14,conservative,8,25377824,32.43
D637,Jason Taylor,male,50,8,conservative,3,14073923,52.02
D638,Peter Ryan,male,46,7,proactive,8,27609059,59.12
D639,Patrick Brown,male,45,21,conservative,4,33585946,46.04
D640,Troy Wagner,male,48,12,proactive,4,32274242,63.19
D641,Charles Malone,male,46,13,proactive,4,21098319,60.13
D642,Robert Johnson PhD,male,52,21,proactive,8,81187112,63.41
D643,William Caldwell,male,53,22,proactive,6,33420545,60.6
D644,Joe Owens,male,45,11,proactive,5,10502616,59.99
D645,Robert Robinson,male,46,4,conservative,4,49603540,42
D646,John Tucker,male,48,-1,conservative,8,29624480,48.47
D647,Robert Lee,male,48,11,proactive,5,14882723,62.57
D648,Zachary Woods,male,50,10,conservative,3,93428273,38.81
D649,Alexander Smith,male,46,6,,3,24628550,65.28
D650,Adam Holt,male,56,17,conservative,9,29066789,48.78
D651,Jeffrey Murphy,male,47,14,proactive,6,28295338,58.78
D652,Jennifer Peterson,female,50,3,proactive,4,13831242,59.99
D653,Brian Roberts,male,47,13,proactive,8,25050875,63.07
D654,Timothy Barrera,male,48,9,proactive,2,28817628,56.51
D655,Brad Ball,male,50,8,conservative,8,19924593,47.79
D656,Bernard Weber,male,51,22,proactive,7,25117738,62.98
D657,Renee Cuevas,female,43,12,proactive,4,20252337,62.82
D658,Austin Wolfe,male,53,27,proactive,6,17387364,57.82
D659,Michael Richardson,male,42,18,conservative,4,11564121,51.87
D660,Peter Buchanan,male,50,15,,5,44799976,64.82
D661,Larry Rojas,male,45,5,conservative,8,11316377,45.14
D662,Ronald Coleman,male,47,8,conservative,4,95480943,41.65
D663,Robert Taylor,male,44,9,proactive,4,13322827,57.52
D664,Jonathan Garcia,male,38,2,conservative,8,22443942,39.63
D665,Carlos Daniel,male,44,10,proactive,8,32864710,59.66
D666,Greg Peterson,male,57,29,conservative,9,29178779,41.62
D667,Randall Ross,male,45,5,proactive,8,10180743,58.69
D668,Alexander Christensen,male,56,22,proactive,6,72146642,60.18
D669,Bobby Ryan,male,44,11,proactive,4,21125310,62.89
D670,Timothy Richardson,male,46,17,proactive,8,40423910,60.37
D671,Carlos Wolf,male,48,13,proactive,8,60913739,65.34
D672,Juan Rodriguez,male,46,12,conservative,8,19220150,48.85
D673,Chase Donaldson,male,48,10,conservative,2,23622109,40.63
D674,Bradley Ramirez,male,47,9,proactive,4,66683794,63.14
D675,William Brown,male,42,14,proactive,4,17884689,62.65
D676,Alexander Stout,male,51,15,conservative,8,31766919,43.41
D677,David Richardson,male,54,20,conservative,7,58866984,40.59
D678,Samantha Tucker,female,52,18,proactive,4,25315839,61
D679,Jose White,male,51,23,proactive,8,18561890,63.78
D680,John Bates,male,54,18,conservative,6,26749209,39.12
D681,Matthew Erickson,male,47,9,proactive,8,16497961,58.89
D682,Adam Ross,male,46,16,proactive,6,31807947,61.85
D683,Jose Taylor,male,49,10,conservative,2,54036321,40.13
D684,Patrick Cox,male,51,27,proactive,8,32865089,58.26
D685,Keith Flores,male,45,13,proactive,4,65974657,60.1
D686,Joshua Walker,male,44,13,proactive,4,20482407,62.64
D687,Howard Brown,male,30,3,conservative,3,11942046,43.58
D688,David Bryant,male,50,13,conservative,6,28581832,44.79
D689,Joshua Schwartz,male,55,17,proactive,4,12283835,59.69
D690,Larry Payne,male,48,9,conservative,2,30434751,40.85
D691,Edward Joseph,male,43,7,conservative,8,28760660,39.53
D692,Robert Whitney,male,47,3,proactive,8,51330131,59.14
D693,Christopher Grimes,male,48,11,proactive,5,24882999,59.44
D694,Phillip Simpson,male,49,5,proactive,3,13246528,56.51
D695,Ronald Smith,male,44,21,conservative,6,32053728,29.22
D696,Darius Johnson,male,52,17,conservative,8,88819781,47.26
D697,Bradley Pham,male,45,13,proactive,5,94934565,62.97
D698,William Reyes,male,43,15,proactive,8,33326175,55.34
D699,Andrea Baker,female,42,2,conservative,8,18940617,47.72
D700,Kevin Rasmussen,male,45,8,proactive,4,32048264,64.31
D701,Elizabeth Henson,,38,4,conservative,2,13260637,45.96
D702,Richard Harper,male,54,17,proactive,9,17277291,63.52
D703,Patrick West,male,49,20,conservative,4,47199758,41.59
D704,Michael Hernandez,male,41,4,conservative,4,19301208,37.58
D705,William Guerra,male,46,5,proactive,7,17017247,61.29
D706,Kerry Campbell,male,51,23,proactive,6,26803776,61.3
D707,Kenneth Gilbert,male,42,5,proactive,7,94574989,59.26
D708,Kristopher Rivera,male,38,4,,7,28188509,66.48
D709,Bryce Gonzales,male,50,4,proactive,2,25704375,59.32
D710,Robert Fox,male,52,14,conservative,8,29432775,49.45
D711,William Carter,male,43,9,conservative,2,91982850,52.82
D712,James Alvarez,male,47,3,proactive,4,43523687,61.37
D713,Kevin Maldonado,male,52,20,proactive,4,37595820,58.16
D714,Blake Harris,male,54,23,proactive,6,13999746,63.67
D715,Aaron Bauer,male,47,8,conservative,2,29843883,42.22
D716,Michael Thomas,male,50,5,conservative,7,25618223,36.43
D717,Kenneth Martin,male,36,4,proactive,7,28971650,59.81
D718,Stephen Gray,male,42,13,conservative,5,58546151,44.01
D719,Christopher Reese,male,55,17,proactive,9,20661206,60.45
D720,Brian Miller,male,48,12,conservative,6,11845171,44.49
D721,Katherine Reyes,female,44,22,proactive,4,83770030,61.52
D722,Richard Lewis,male,51,27,proactive,4,31293981,61.22
D723,Philip Barnes,male,53,16,conservative,7,33391952,40.86
D724,Alexis Tucker,female,48,4,proactive,7,30142509,61.79
D725,Geoffrey Barber,male,44,4,proactive,7,78735626,61.18
D726,James Henderson,male,47,7,conservative,3,13193058,47.01
D727,Victor Sandoval,male,48,5,conservative,4,30723415,49.69
D728,Dylan Hunt,male,52,22,conservative,9,21032614,55.09
D729,Edward Bailey,male,52,20,conservative,6,17945973,40.89
D730,Edward Oconnor,male,52,16,proactive,4,21705793,56.52
D731,Michael Ramirez,male,49,9,proactive,2,13641354,56.32
D732,Jeremy Anderson,male,43,6,conservative,3,30390425,49.24
D733,Michael Ward,male,43,12,conservative,5,13196565,50.48
D734,Eddie Gordon,male,49,19,proactive,7,16246545,60.96
D735,Amber Vasquez,female,48,12,proactive,8,32388815,63.27
D736,Ricardo Pena,male,50,9,conservative,7,22007337,44.91
D737,Gerald Ramos,male,50,8,conservative,8,29884530,48.74
D738,Matthew Cline,male,47,8,conservative,2,19095731,45.36
D739,Travis Lawrence,male,52,25,conservative,7,98052326,48.11
D740,Joseph Ortega,male,47,15,conservative,5,11835599,38.61
D741,Randy Phillips,male,54,15,conservative,8,45254942,50.93
D742,Kenneth Johnson,male,53,15,proactive,8,28866540,60.9
D743,Brian Lyons,male,51,23,,9,52804295,63.35
D744,Christine Cochran,female,50,8,proactive,4,25853258,59.59
D745,Glenn Lewis,male,47,10,proactive,8,63170233,65.8
D746,John Manning,male,59,18,proactive,9,20539252,58.37
D747,Melody Johnson,female,43,13,proactive,6,30937896,60.05
D748,Mark Reed,male,43,16,proactive,8,13701678,61.17
D749,Scott Peters II,male,47,1,proactive,4,29336991,57.71
D750,Alejandro Salinas,male,55,18,conservative,8,32557240,42.55
D751,Joseph Leonard,male,47,7,conservative,8,26346569,52.75
D752,Joshua Higgins,male,50,1,proactive,8,14433691,58.01
D753,Jesse Johnson,male,44,9,conservative,7,17496529,41.65
D754,Austin Howell,male,49,16,proactive,6,25374393,62.34
D755,Mr. Jeffery Page DDS,male,46,8,conservative,3,20283153,42.6
D756,Albert Carr,male,55,14,,5,29284580,63.23
D757,Theodore Hawkins,male,48,9,conservative,8,26760108,43.1
D758,Ryan Spencer,male,43,15,proactive,6,30898353,59.96
D759,Michael Barber,male,64,30,proactive,6,18493697,57.13
D760,John Houston,male,46,14,proactive,5,57580910,61.85
D761,Jeffrey Haney,male,43,9,proactive,8,32111802,59.3
D762,Thomas Smith,male,47,4,conservative,7,14969134,40.72
D763,Kent Garcia,male,43,16,conservative,4,24322464,45.17
D764,Tyler Gonzalez,male,48,4,conservative,4,19945346,50.96
D765,Scott Graham,male,46,9,proactive,8,13883923,62.56
D766,Gregory Robinson,male,39,2,proactive,4,82081587,60.59
D767,Chelsea Mckee,female,51,23,proactive,4,18204175,53.38
D768,Michael Dixon,male,47,14,conservative,6,27063055,38.69
D769,Ryan Sosa,male,43,14,conservative,8,88461049,48.06
D770,Jared Davis,male,51,15,,5,66822391,62.61
D771,Xavier Johnson,male,47,1,proactive,8,15436397,60.92
D772,David Becker,male,55,12,proactive,6,20205682,61.28
D773,Matthew Soto,male,52,26,conservative,4,85416403,42.64
D774,Allen Gray,male,46,13,conservative,6,26716985,51.19
D775,Dennis Fernandez,male,46,10,conservative,7,26225733,46.38
D776,Justin Robbins,male,48,19,conservative,7,20698203,45.88
D777,James Wells,male,55,21,conservative,4,19424012,50.73
D778,Justin Gregory,male,51,16,conservative,7,13734459,50.22
D779,Frederick Ross,male,50,5,proactive,2,32156165,60.09
D780,Jason Ford,male,45,14,,5,24670198,60.09
D781,Keith Jones DDS,male,45,7,conservative,3,69327588,41.34
D782,Samuel Gregory,male,45,1,conservative,7,13006940,46.47
D783,Gary Joseph,male,41,18,proactive,7,81068169,59.62
D784,Carlos Porter,male,47,3,conservative,2,28450066,45.65
D785,Richard Mccullough,male,49,10,proactive,4,47398395,59.77
D786,Brett Hoffman,male,46,13,conservative,4,24624497,51.98
D787,Lisa Bell,female,48,11,conservative,6,33892826,46.56
D788,Lee Hebert,male,48,6,proactive,7,33145456,62.93
D789,Richard Strong,male,49,14,conservative,8,16613236,59.5
D790,Julian Lewis,male,46,11,proactive,5,25463189,61.43
D791,Nathan Shelton,male,46,11,conservative,8,18447837,47.8
D792,William Houston,male,47,8,proactive,2,30619790,62.95
D793,Thomas Macdonald,male,51,16,proactive,6,11663552,58.08
D794,Mark Anderson,male,49,7,conservative,4,17984100,44.82
D795,Shane Watson,male,55,24,conservative,6,26411380,37.45
D796,Matthew Everett,,48,5,conservative,3,22422306,49.17
D797,Edward Fisher,male,45,7,proactive,8,33573400,58.62
D798,Shaun Bradford,male,51,18,,6,82741473,65.18
D799,William Anderson III,male,50,0,conservative,4,24746768,40.69
D800,William Skinner,male,40,1,proactive,4,15533946,58.06
D801,Jimmy Gonzalez,male,46,13,proactive,6,27743523,58.29
D802,Glenn Jones,male,53,28,proactive,8,77040880,61.17
D803,Trevor Haynes,male,48,8,proactive,4,70128697,59.25
D804,Mark Harris,male,44,6,conservative,2,10299019,48.21
D805,Reginald Garcia,male,44,9,conservative,4,24233814,48.8
D806,Edward Campbell,male,41,12,conservative,5,10231357,44.55
D807,Thomas Rogers,male,47,25,proactive,4,20194392,63.49
D808,Robert Wilson,male,55,13,proactive,6,30548837,60.04
D809,Jerome Walker,male,38,5,proactive,8,33748476,53.58
D810,Jay Kirk,male,51,19,proactive,7,26767469,58.51
D811,Anthony Wolfe,male,54,24,proactive,9,21097795,57.86
D812,Bryan Knight,male,51,10,proactive,8,12211361,63.68
D813,Christopher Gilmore,male,48,8,proactive,8,17787573,56.29
D814,Jeffrey Harvey,male,39,4,proactive,3,16368426,58.54
D815,Gregory Jones,male,42,5,conservative,7,21394134,43.26
D816,Erik Reed,male,46,9,conservative,7,49884962,53.35
D817,Joshua Todd,male,38,7,conservative,3,10929164,40.05
D818,Daniel Lin PhD,male,49,11,conservative,4,34012654,49.62
D819,David Shannon,male,47,3,proactive,7,19790058,58.85
D820,Trevor Gonzalez,male,47,17,proactive,7,66668483,59.58
D821,Frank Hunter,male,53,22,conservative,7,18721262,48.77
D822,Jason Lewis,male,51,21,conservative,8,25691185,48.99
D823,Kenneth Lester,male,58,22,conservative,6,11850429,44.13
D824,Darrell Petty,male,50,8,proactive,7,71897727,57.66
D825,Jose Sanchez,male,53,20,proactive,6,33582463,62.83
D826,William Crawford,male,53,29,proactive,9,24445769,57.59
D827,Jesse Herrera,male,52,12,conservative,5,18899925,54.87
D828,Robert Navarro,male,51,30,proactive,6,38275836,58.5
D829,Benjamin Crawford MD,male,55,19,proactive,9,26852960,60.97
D830,Michael Smith,male,51,25,conservative,9,17077324,41.52
D831,Alexis Perkins,male,44,7,conservative,3,96337481,50.05
D832,Jeffery Sparks,male,48,8,proactive,4,14109119,58.81
D833,Ryan West,male,51,10,proactive,3,31870298,57.41
D834,Marcus Jones,male,47,11,proactive,6,18884690,58.82
D835,James Rose,male,44,10,proactive,7,32304949,60.09
D836,David Martinez,male,49,6,conservative,4,31833859,36.74
D837,Brett Donovan,,47,0,proactive,7,22192218,57.11
D838,Yvonne Elliott,female,53,27,conservative,4,26393061,36.77
D839,Mathew Mcguire,male,52,20,conservative,8,28754860,43.76
D840,Jose Hernandez,male,43,6,conservative,2,20523896,47.64
D841,David Cook,male,49,14,,6,13426754,67.24
D842,David Taylor Jr.,male,58,17,conservative,8,32064593,52.49
D843,Jonathan Marsh,male,38,4,proactive,8,32464396,57.76
D844,Brandon Blankenship,male,54,23,conservative,6,21597433,44.9
D845,Mr. Don Watkins,male,49,13,conservative,8,17779800,41.78
D846,Justin Gardner,male,56,18,proactive,6,92322431,59.31
D847,Micheal Day,male,48,12,proactive,5,21983131,60.49
D848,David Davis,male,43,7,conservative,2,55576857,39.38
D849,Travis Werner,male,50,15,proactive,5,25470787,62.02
D850,Andre Hancock,male,47,10,proactive,2,21016823,57.85
D851,Martin Johnson,male,57,21,conservative,7,26730938,36.46
D852,Annette Kelly,female,52,23,conservative,9,11321137,43.94
D853,Joel Howard,male,52,17,conservative,7,13363106,52.25
D854,Frank Brown,male,53,15,proactive,4,16134175,58.28
D855,Vincent Williams Jr.,male,53,17,conservative,8,25812199,42.48
D856,Michael Coleman,male,49,17,conservative,4,43629979,38.51
D857,Sandra Martinez,,49,-5,conservative,3,42300252,49.06
D858,Marc Walters,male,47,5,proactive,3,24654257,61.93
D859,Reginald Allen,male,43,0,proactive,7,99485464,57.51
D860,Jose Park,male,39,0,conservative,8,23608280,40.73
D861,Mr. Michael Kelly,male,50,16,conservative,6,30856611,38.88
D862,Charles Knox,male,44,12,proactive,8,62332459,59.99
D863,Dr. Kevin Porter,male,52,22,proactive,7,31978001,60.27
D864,Robert Abbott,male,42,13,proactive,8,30769301,59.39
D865,Amy Beck,female,52,19,conservative,4,35547382,40.98
D866,Nicholas Cox,male,55,25,conservative,7,19761644,47.87
D867,Neil Herring,male,45,7,proactive,3,18091756,58.02
D868,Thomas Campbell,male,49,11,conservative,4,67906530,45.52
D869,Robert Hall,male,47,3,conservative,8,13990522,51.84
D870,Gary Gonzalez,male,47,5,conservative,3,99664405,44.15
D871,John Fletcher,male,45,11,proactive,8,24891855,58.67
D872,David Miller,male,46,15,proactive,6,56671924,59.76
D873,Logan Meyer,male,48,3,proactive,8,30440990,56.84
D874,Mr. Timothy Patterson III,male,46,11,proactive,8,25375598,62.5
D875,John Howard,male,43,16,conservative,9,19202933,42.44
D876,Brian Strickland,male,46,13,proactive,5,22469662,61.17
D877,Brandon Cruz,male,53,23,proactive,6,10497416,59.77
D878,Gregory Brown,male,44,4,conservative,4,29089862,51.6
D879,Dr. Wayne Wright MD,male,49,15,proactive,5,16027229,61.65
D880,Alan Brown,male,43,8,proactive,7,31431132,60.05
D881,Ryan Bridges,male,47,9,proactive,3,14941602,58.86
D882,Jason Johnson,male,43,20,proactive,4,30492373,60.9
D883,Cameron Atkins,male,45,8,conservative,3,87309070,44.95
D884,Thomas Anderson,male,42,10,conservative,3,29292035,49.1
D885,Charles Skinner,male,47,7,proactive,2,18307948,58.46
D886,Phillip Escobar,male,39,6,proactive,7,20946964,63.96
D887,Brian Wallace,male,47,3,proactive,2,17974775,61.76
D888,Thomas Ochoa,male,57,19,proactive,6,22916520,63.64
D889,Thomas Smith,male,38,6,proactive,8,33548280,61.1
D890,Mr. Patrick Morgan DVM,male,54,22,,8,30947024,63.5
D891,Joshua Bullock,male,45,12,proactive,4,18234899,63.16
D892,William Powell,male,50,4,conservative,4,18924069,44.43
D893,Dennis Webb,male,45,2,proactive,7,22596717,61.28
D894,David Rangel,male,46,-4,proactive,4,18950712,59.87
D895,Michael Murphy,male,42,15,proactive,8,49456947,57.65
D896,David Ruiz,male,49,13,,4,46065982,63.97
D897,Willie Jones,male,37,6,conservative,2,23900894,45.35
D898,Shawn Green,male,47,13,proactive,6,83681090,59.9
D899,Daniel Sawyer,male,42,13,conservative,4,11402175,57.51
D900,Tristan Coleman,male,47,2,conservative,3,29753755,43.66
D901,Mark Wilkerson,male,56,12,conservative,4,69963510,52.59
D902,Bryce Lee,male,39,2,proactive,8,30237242,61.42
D903,Richard Flores,male,40,7,conservative,3,21659663,44.32
D904,Robert Jones,male,40,1,proactive,4,67390548,59.12
D905,Stephen Lopez,male,47,5,proactive,7,27831338,61.2
D906,Jared Reeves,male,43,6,proactive,3,17591502,60.65
D907,Nicholas Lawson,male,50,10,proactive,4,10273980,59.96
D908,Russell Graham,male,51,17,conservative,8,12719244,41.51
D909,Christian Garcia,male,54,32,conservative,4,19747191,45.04
D910,Ronald Clayton,male,56,18,proactive,8,14419513,61.03
D911,Jonathan Brown,male,52,14,conservative,4,27840680,47.36
D912,Mike David,male,42,1,proactive,4,29498159,58.16
D913,Scott Clark DDS,male,44,10,conservative,3,25434518,51.33
D914,Jason Tucker,male,52,17,proactive,4,24578714,59.99
D915,Martin Gardner,male,55,17,conservative,9,33500681,41.92
D916,Steven Barnett,male,47,8,proactive,8,23727577,60.01
D917,Jimmy Brooks,male,45,6,proactive,8,28327909,60.26
D918,Steven Ruiz,male,45,22,conservative,9,10906516,46.28
D919,Nicholas Patel,male,45,3,conservative,4,18628134,44.71
D920,Terrence Hampton,male,54,19,,9,16291318,63.18
D921,Nicholas Martinez,male,56,18,proactive,6,10008392,60.74
D922,Adam Turner,male,50,16,conservative,7,63052683,46.99
D923,Anthony Oconnell,male,44,13,proactive,5,50009989,61.17
D924,Daniel Clark,male,46,13,conservative,4,83616092,41.22
D925,Timothy Robertson,male,50,7,conservative,2,64713507,52.89
D926,Robert Kelley,male,47,14,proactive,4,96961596,54.06
D927,Jacob Brooks,male,57,20,conservative,7,20585832,41.39
D928,David Lawrence,male,54,15,proactive,4,24306620,61.16
D929,Timothy Burke,male,44,7,conservative,4,48204624,45.26
D930,Sean Schwartz,male,48,2,proactive,7,13569760,60.35
D931,Michael Schmidt,male,42,5,proactive,2,29442078,60.1
D932,Michael Vega,male,45,14,proactive,5,98257298,61.15
D933,Jodi Green,female,44,9,conservative,2,26486771,42.19
D934,Paul Lowe,male,47,0,conservative,3,29607288,34.27
D935,Jermaine Farmer,male,41,7,conservative,7,11095479,41.24
D936,John Glass,male,47,2,proactive,7,18463455,57.52
D937,Richard Delacruz,male,48,14,proactive,5,16430282,61.61
D938,Mike Howard,male,43,4,conservative,8,10187667,48.58
D939,Cheyenne Navarro,female,45,13,proactive,6,62808369,62.09
D940,John Barton,male,55,15,proactive,4,38689999,58.56
D941,Scott Underwood,male,41,5,proactive,2,64897634,62.79
D942,Tracy Arroyo,male,48,15,proactive,6,13193143,59.18
D943,William Cooper,male,50,7,proactive,8,16301082,60.5
D944,Gregory Hood,male,45,11,conservative,8,25047292,48.56
D945,John Winters,male,49,8,proactive,8,32628685,60.75
D946,Larry Mccoy,male,49,0,proactive,2,29017409,62.38
D947,Ethan Palmer,male,55,20,conservative,7,69638306,45.28
D948,Michael Parker,male,51,19,conservative,8,29283906,41.24
D949,Michael Lynch,male,46,11,conservative,6,13825067,48.85
D950,Keith Walters,male,49,6,proactive,4,31472253,60.89
D951,Jennifer Baker,female,45,6,conservative,7,13227936,52.85
D952,Christopher Day,male,49,9,conservative,3,31664257,41.26
D953,Chad Golden,male,54,28,conservative,7,10869458,48.23
D954,Carlos Hall,male,43,8,proactive,8,23901462,61.46
D955,Robert Munoz,male,46,12,conservative,4,21886845,45.59
D956,Robert Kim,male,46,7,proactive,2,83766221,61.24
D957,Gerald Rodriguez,male,50,17,conservative,9,11362951,48.62
D958,Christopher Adams,male,44,15,conservative,4,26207692,49.49
D959,John Jones,male,57,22,proactive,4,74647097,58.79
D960,Douglas Gillespie,male,43,8,proactive,7,76939443,61.35
D961,Robert Miles,male,46,11,proactive,4,17287024,60.3
D962,David Friedman,male,42,3,proactive,4,21936724,59.66
D963,Kevin Arroyo,male,56,17,,9,19351626,62.47
D964,George Phillips,male,48,8,conservative,2,16154327,47.93
D965,Mark Johnson,male,43,11,conservative,4,16974912,47.99
D966,Juan Davis,male,45,10,proactive,2,73084601,63.29
D967,David Mccoy,male,41,6,conservative,7,29754543,45.73
D968,Jose Barnes,male,43,7,proactive,4,50163414,60.58
D969,Timothy Owens,male,55,18,proactive,7,22377469,60.46
D970,Justin Nelson,male,43,8,,8,53838896,66.05
D971,Russell Velasquez,male,53,22,proactive,9,20996187,63.94
D972,Shawn Frank,male,49,21,conservative,8,28136927,39.87
D973,Kenneth Hopkins,male,40,6,proactive,8,15409985,61.62
D974,Kevin Lane,male,41,5,conservative,7,95917365,47.91
D975,Christopher Daniel,male,46,15,conservative,8,12201083,42.35
D976,Melvin Lang,male,52,21,proactive,6,92186250,62.33
D977,Darrell Sanders,,49,11,proactive,6,21201884,59.19
D978,Erin Anderson,female,50,9,proactive,4,74086764,57.48
D979,Joshua Powers,male,46,0,proactive,2,11486762,58.34
D980,Joseph Clark,male,54,10,conservative,8,51379229,47.71
D981,Robert Fitzgerald,male,49,14,conservative,8,54866249,49.66
D982,Timothy Schroeder,male,55,13,proactive,6,16482316,61.91
D983,Mark Powell,male,52,25,proactive,7,75875792,61.85
D984,Melissa Lowe,female,47,5,proactive,7,45955099,60.95
D985,Roger Quinn,male,49,16,conservative,6,10236020,51.44
D986,James Ingram,male,39,7,proactive,3,24015925,58.14
D987,Jesus Larsen,male,49,10,proactive,8,74796611,60.17
D988,John Jennings,male,42,5,proactive,2,14680861,59.81
D989,David Perez,male,34,4,conservative,2,24467813,38.85
D990,John Clayton,male,51,21,conservative,4,30111336,42.44
D991,Daniel Brown,male,57,17,proactive,6,17366141,59.2
D992,Jose Martin,male,52,21,proactive,4,60858923,60.74
D993,Raymond Wade,male,54,15,conservative,8,31463722,43.3
D994,Brendan Clarke,male,48,5,proactive,7,96621929,60.18
D995,Jeremy Thomas,male,48,7,conservative,8,35477069,38.65
D996,Cameron Davis,male,44,8,conservative,2,31878880,42.89
D997,Joshua Blair,male,48,3,proactive,4,11610010,60.05
D998,Anthony Waters,male,50,15,conservative,6,12725734,48.41
D999,Jonathan Green,male,52,21,conservative,4,23941587,45.41
D1000,Thomas Wagner,male,42,16,conservative,7,99016854,54.59
D1001,Michael Martinez,male,47,6,conservative,4,34009707,36.26
D1002,Scott Wilkins,male,49,5,proactive,7,23939310,63.38
D1003,Daniel Ellison,male,50,10,conservative,4,16376219,45.42
D1004,Peter Holt,male,54,21,proactive,7,53651873,58.23
D1005,James Graham,male,45,10,proactive,4,19190763,63.15
D1006,Allen Galvan,male,48,12,proactive,5,15372000,58.62
D1007,Christina Woods,female,45,9,conservative,2,10868310,44.24
D1008,Daniel Lee,male,39,5,proactive,4,26486445,58.72
D1009,Marc West,male,51,24,proactive,8,33976838,57.8
D1010,Sean Pacheco,male,41,10,conservative,8,22851295,49.35
D1011,Tommy Bennett,male,53,18,proactive,6,30154214,59.74
D1012,Tonya Rodriguez,female,54,20,proactive,4,25598499,59.46
D1013,Jason Horne,male,51,9,conservative,8,44289374,46.39
D1014,Kevin Patel Jr.,male,51,12,conservative,6,41968183,46.24
D1015,Lance Randolph,male,51,26,conservative,8,45895754,50.93
D1016,Bailey Larson,female,44,16,proactive,6,85129439,61.13
D1017,Jody Martin,female,51,19,conservative,9,12246257,40.23
D1018,Eric Torres,male,46,5,proactive,3,17922122,60.6
D1019,Kevin Johnson,male,42,16,conservative,6,10960110,53
D1020,Jacob Stevens,male,49,13,conservative,6,95011081,43.64
D1021,Gregory Giles,male,45,11,proactive,6,17709480,62.22
D1022,Joseph Sawyer,male,41,11,proactive,6,56036368,59.36
D1023,Thomas Goodman,male,45,15,proactive,4,10379022,59.05
D1024,Antonio Wolfe,male,45,11,proactive,6,98608929,58.08
D1025,Alexander Ramirez,male,51,14,conservative,6,14708548,40.88
D1026,James Trujillo,male,49,4,proactive,8,19336784,59.19
D1027,Sarah Wells,female,52,19,conservative,4,56162463,37.37
D1028,Timothy Aguilar,male,42,5,conservative,3,23995242,50.73
D1029,Timothy Gallegos,male,56,22,conservative,6,56073339,41.31
D1030,Joshua Mack,male,45,10,conservative,3,42958017,46.13
D1031,Jay Jones,male,51,23,conservative,8,17070888,44.06
D1032,Kevin Cardenas,male,55,24,proactive,8,12063845,61.23
D1033,Cesar Sanford,male,44,15,proactive,6,20951755,58.95
D1034,Jacob Blair,male,48,14,proactive,4,30083380,59.37
D1035,Robert Foster,male,47,4,conservative,2,14351038,44.29
D1036,Bobby Martinez,male,46,11,conservative,6,75811218,41.06
D1037,Victor Terry,male,38,0,conservative,8,12553048,40.56
D1038,Michael Bowman,male,47,5,conservative,3,17898515,43.9
D1039,Christian Frey,male,48,6,proactive,8,72508517,57.19
D1040,Erik Bauer,male,48,13,proactive,4,36435167,60.29
D1041,Jeffrey Sharp,male,49,12,proactive,6,26126395,57.02
D1042,Joseph Riley,male,45,9,proactive,2,59336459,60.59
D1043,Jay Woodard,male,55,26,,6,24932516,65.85
D1044,Patrick Hoffman,male,53,11,conservative,5,22544092,41.71
D1045,Kenneth Pena,male,45,14,proactive,4,16607545,62.76
D1046,Kevin Mueller,male,43,5,conservative,3,20898520,39.21
D1047,William Lane,male,42,8,proactive,3,31038386,59.64
D1048,Bradley Clarke,male,45,13,conservative,5,31815604,43.33
D1049,David Conway,male,49,9,conservative,4,12166884,43.72
D1050,Charles Salas,male,49,11,proactive,4,12857613,60.51
D1051,Daniel Buchanan,male,62,20,proactive,9,84459899,60.77
D1052,Adam Lara,male,43,11,conservative,4,21634234,39.2
D1053,Ricky Newman,male,42,12,proactive,5,36527850,58.02
D1054,Lauren Arias,female,49,6,proactive,7,29164114,61.76
D1055,Jesse Ortiz,male,49,12,proactive,5,89423614,57.07
D1056,Shannon Salinas,female,45,8,proactive,3,16793343,60.05
D1057,Joshua Lyons,male,52,17,proactive,9,40564954,61.58
D1058,Daniel Martinez,male,48,16,proactive,8,29206938,58.9
D1059,Austin English,male,45,14,proactive,5,28243295,58.47
D1060,Steven Franklin,male,58,13,conservative,4,13495355,45.64
D1061,Brian Hernandez,male,41,22,conservative,8,23946492,45.98
D1062,Tiffany Houston,female,53,24,conservative,4,32731637,43.66
D1063,Noah Morgan,male,53,24,proactive,4,23286874,63.06
D1064,Nathan Walker,male,52,24,conservative,8,37604602,45.23
D1065,Thomas Owens,male,51,19,conservative,7,10991097,43.28
D1066,Donald Oliver,male,46,1,conservative,7,10056827,46.37
D1067,Joshua Ward,,51,18,conservative,8,60559337,46.02
D1068,Christopher Gates,male,42,6,conservative,2,31133482,43.15
D1069,Jeffrey Adams,male,47,4,proactive,8,28776587,58.52
D1070,Joshua Fisher,male,48,19,proactive,7,22231790,58.85
D1071,Theodore Rodriguez,male,45,13,,5,17905159,64.37
D1072,Julie Gomez,female,45,19,proactive,7,32252915,62.54
D1073,Joseph Kline,male,41,14,conservative,4,30978201,44.4
D1074,Steve Garcia,male,59,14,proactive,4,78342290,62.63
D1075,Juan Johnson,male,46,5,proactive,7,90120575,60.28
D1076,Christopher Hill,male,45,9,conservative,3,16407705,42.37
D1077,Martin Calderon,male,54,24,conservative,7,31583570,39.63
D1078,Barry Gentry,male,48,11,conservative,8,20828859,46.92
D1079,Nathan Vega,male,47,5,proactive,8,13251015,58.51
D1080,Mark Sanchez,male,46,7,proactive,7,22885978,59.89
D1081,Tracey Wright,female,51,25,proactive,9,33570035,59.56
D1082,Pedro Floyd,male,54,19,conservative,9,18604747,38.97
D1083,Sara Knight,female,50,8,proactive,8,32916983,61.01
D1084,Zachary Campbell,male,43,14,proactive,5,13422818,61.74
D1085,Adam Johnson,male,46,25,conservative,9,31451827,37.44
D1086,Steven Nguyen,male,29,5,proactive,7,24771733,62.12
D1087,Jeffrey David,male,49,7,proactive,2,32555803,58.8
D1088,Victor Gutierrez,male,47,10,conservative,3,80360456,47.18
D1089,Jacob Gomez,male,51,29,conservative,9,16389693,45.48
D1090,David Wheeler,male,47,8,conservative,4,29663176,51.29
D1091,Devon Fernandez,male,52,19,proactive,7,15091061,59.78
D1092,Mark Chandler,male,46,14,proactive,5,66446461,59.46
D1093,David Hawkins,male,53,18,conservative,6,74678175,48.54
D1094,Jordan Smith,male,48,18,,6,10714595,64.8
D1095,Angel Fritz,male,52,18,proactive,7,27204262,56.28
D1096,Albert Barron,male,43,1,proactive,2,31057961,61.26
D1097,Gregory Salazar,male,55,22,,8,96122275,62.7
D1098,John Davis,male,55,35,proactive,8,11500876,56.59
D1099,Brian Hall,male,37,8,conservative,4,13032213,52.48
D1100,Raymond Richardson,male,43,7,proactive,8,13818055,59
D1101,Leonard Jones,male,52,24,proactive,7,15253275,59.67
D1102,Robert Estes,male,49,14,proactive,4,31823479,61.68
D1103,Keith Wagner,male,42,14,proactive,4,12095369,57.86
D1104,James Williams,male,38,2,proactive,7,23633322,59.88
D1105,Theodore Clark,male,52,19,proactive,7,30972126,55.92
D1106,Sherry Parker,female,40,3,conservative,3,27715877,46.56
D1107,William Brown,male,44,11,proactive,4,31051475,60.92
D1108,Roger Mora,male,51,22,conservative,7,77665093,40.66
D1109,Robert Castillo,male,45,12,conservative,5,64789793,39.36
D1110,Javier Williams,male,50,5,proactive,2,33325876,60.84
D1111,Keith Savage,male,49,5,proactive,2,44352561,57.97
D1112,Francis Larson,male,43,8,conservative,8,18144529,38.84
D1113,Jacob Weaver,male,47,6,conservative,2,18247041,41.01
D1114,Donald Garza,male,44,5,conservative,4,86291484,41.34
D1115,Carrie Nicholson,female,53,18,proactive,4,31289643,60.11
D1116,Joshua Robertson,male,42,10,proactive,7,20559907,59.65
D1117,Molly Lee,female,50,17,proactive,6,12141617,61.89
D1118,Dr. Evan Barajas,male,36,2,proactive,2,13274951,58.64
D1119,Brent Romero,male,54,20,conservative,8,18196993,52.72
D1120,Roberto Reed,male,45,7,conservative,3,19360154,32.49
D1121,Jeffrey White,male,49,9,proactive,2,12554904,62.03
D1122,Edward Parker,male,33,4,proactive,8,30101314,55.93
D1123,Eric Baker,male,45,7,,7,29667989,61.49
D1124,Thomas Wright,male,48,17,conservative,7,24268814,44.3
D1125,Matthew Love,male,51,20,conservative,9,17999068,44.44
D1126,William Guzman,male,46,8,conservative,8,30002039,43.34
D1127,Walter Scott,male,44,3,proactive,8,20826347,62.97
D1128,Eric Berry,male,53,27,proactive,4,28775810,59.37
D1129,Amanda Wilson,female,47,10,proactive,3,25940992,57.32
D1130,Kevin Torres,male,37,5,conservative,2,24062736,48.9
D1131,Kevin Webster,male,50,4,conservative,2,27490665,45.77
D1132,Tyrone Weaver,male,46,5,proactive,8,26822470,63.05
D1133,Benjamin Case,male,45,7,conservative,7,20149429,54.18
D1134,Ronald King,male,41,10,proactive,7,29481033,60.12
D1135,Victoria Mcintosh,female,47,7,conservative,4,85102578,46
D1136,Mark Davis,male,55,17,conservative,7,22094647,38.64
D1137,Joel Harris,male,53,24,,9,20202019,63.13
D1138,Christine Buchanan,female,51,18,conservative,7,15247179,40.35
D1139,John Bush,male,53,16,proactive,9,23554931,59.22
D1140,George Kline,male,49,14,conservative,6,18135510,37.84
D1141,Evan Sanchez,male,47,7,conservative,2,26741519,45.08
D1142,Brian Holloway,male,54,14,proactive,4,18084245,59.49
D1143,Mathew Cruz,male,45,2,proactive,4,39104873,60.72
D1144,Ronald Gray,male,49,4,proactive,8,18773058,60.85
D1145,Collin Wilkerson,male,46,11,proactive,6,88492487,59.43
D1146,Shane Walker,male,46,19,,4,23097077,66.65
D1147,Jeremy Evans,male,49,9,proactive,7,15838682,58.24
D1148,Robert Miller,male,59,19,proactive,7,23393825,61.95
D1149,Troy Graham,male,56,19,conservative,9,40343227,44.56
D1150,Michael Green,male,45,9,conservative,8,21382275,42.52
D1151,James Nichols,male,37,7,conservative,3,67332883,36.44
D1152,Joseph Lopez,male,50,6,proactive,8,65820129,57.06
D1153,Jason Lewis,male,47,15,conservative,8,61165323,38.87
D1154,Antonio Ellis,male,46,18,proactive,8,16734265,57.84
D1155,Elizabeth Short,female,52,23,proactive,9,24616820,58.53
D1156,Martin Miller,male,42,8,proactive,7,26176222,61.62
D1157,Jeffery Davis,male,47,6,proactive,2,21120933,57.03
D1158,Matthew Webster,male,45,2,conservative,4,11848608,49.93
D1159,Justin Nelson,male,49,2,proactive,4,12975922,56.97
D1160,Kristopher Estrada,male,50,-1,proactive,4,27216192,62.05
D1161,Mathew Booker,male,42,13,conservative,5,17343503,38.75
D1162,Joseph Whitney,male,50,12,proactive,5,61002733,57.59
D1163,Mark Bird,male,42,11,proactive,5,25461065,59.51
D1164,Daniel Frost MD,male,44,17,conservative,4,25538488,32.16
D1165,Christopher Maddox,male,51,23,proactive,4,12036922,62.53
D1166,Stanley Barnett,male,47,12,conservative,4,19606178,48.18
D1167,Thomas Huff,male,53,16,conservative,9,26392203,39.15
D1168,Matthew Davis,male,49,9,proactive,8,15165874,59.01
D1169,Alex Sawyer,male,47,4,conservative,4,29238605,42.68
D1170,William Porter,male,38,4,proactive,7,11574692,61.72
D1171,Jason Figueroa,male,48,13,proactive,5,42839716,59.82
D1172,Joel Shelton,male,58,21,conservative,7,93764998,49.55
D1173,Larry Harrison,male,48,18,conservative,4,35800377,48.24
D1174,Christopher Mueller,male,51,14,conservative,6,94412953,48.99
D1175,Robert Shaw,male,46,11,conservative,6,30236733,53.44
D1176,Nathaniel Stevens,,45,4,conservative,7,25681071,50.43
D1177,Ronald Yu MD,male,52,19,conservative,4,68897712,48.91
D1178,Willie Martin,male,49,11,conservative,8,15021460,55.07
D1179,David Baker,male,45,3,conservative,2,15936314,48.08
D1180,Cory Bradley,male,47,11,conservative,5,86300040,43.69
D1181,Brian Mitchell,male,48,11,proactive,5,17455005,61.32
D1182,Dr. Cody Thompson,male,52,14,conservative,6,30700835,43.72
D1183,Gary Burns,male,42,5,proactive,3,20539869,59.15
D1184,Daniel Swanson,male,46,9,proactive,2,31283392,57.98
D1185,Mark Coffey,male,49,20,proactive,8,11688127,58.29
D1186,Thomas Sanchez,male,41,8,conservative,2,21454082,47.91
D1187,Mark Moore,male,46,8,conservative,4,32206460,46.16
D1188,Brandon Long,male,39,3,proactive,4,29724606,62.82
D1189,Justin Cooper,male,48,11,conservative,5,16104031,47.64
D1190,Patrick Goodman,male,56,13,proactive,5,91314732,59.61
D1191,Aaron Guzman,male,56,32,conservative,9,33267203,43.93
D1192,Michael Johnson,male,48,7,,2,42562600,60.73
D1193,Joseph Fleming,male,39,7,conservative,2,30549431,40.74
D1194,Ralph Carter,male,52,13,proactive,6,27199418,58.6
D1195,Mark Mays,male,43,5,conservative,3,37803062,42.18
D1196,Craig Phillips,male,46,0,conservative,7,20839152,40.95
D1197,James King,male,43,9,conservative,4,18312744,38.28
D1198,Kevin Vargas,male,47,14,proactive,4,15483314,62
D1199,Barry Garcia,male,41,10,proactive,7,19347105,57.15
D1200,Robert Hubbard,male,47,15,conservative,4,28855600,46.51
D1201,Manuel Perez,male,40,4,proactive,7,47225350,61.26
D1202,Timothy Moreno,male,48,10,conservative,7,64799581,39.91
D1203,Jesse Harris DDS,male,41,14,conservative,6,27065412,52.2
D1204,David Henry,male,51,14,conservative,4,29329730,43.44
D1205,Linda Howard,female,55,21,proactive,4,14488991,58.17
D1206,Jamie Perez,female,54,22,proactive,4,21171217,58.57
D1207,Christian Hooper,male,50,9,proactive,3,30282879,61.26
D1208,Robert Arias,male,42,3,conservative,3,15075117,46.42
D1209,Clayton Clark,male,39,5,proactive,8,30225264,59.14
D1210,Robert Sandoval,male,51,18,,4,26385535,63.74
D1211,William Schneider,male,41,7,,7,26925205,62.02
D1212,Adam Green,male,57,15,conservative,8,31570449,52.45
D1213,Kevin Williams DDS,male,50,8,proactive,4,29561686,60.03
D1214,Christopher Henderson,male,51,15,proactive,8,55437819,58.25
D1215,Gregory Carter,male,53,30,conservative,7,33861922,43.9
D1216,Todd Meadows,male,49,4,proactive,8,24958136,61.55
D1217,Charles Taylor,male,47,12,conservative,5,26453679,46.32
D1218,Dr. Christine Brennan,,49,12,conservative,5,12779172,44.59
D1219,Richard Harris,male,51,17,proactive,4,25666034,61.88
D1220,Richard Allen,male,49,5,,3,11362115,63.18
D1221,Michael Jacobs,male,45,11,conservative,5,27773699,42.19
D1222,Brandon Nelson,male,45,9,proactive,8,77925345,59.43
D1223,Jimmy Bryan,male,42,12,proactive,8,16169592,58.15
D1224,Paul Ward,male,53,22,,4,93814071,63.89
D1225,Shannon Ramsey,male,54,26,proactive,8,26591744,59.91
D1226,Joseph Miller,male,48,4,conservative,3,14952628,46.74
D1227,Rodney Sutton,male,52,17,conservative,6,32113154,34.09
D1228,Stephen Peterson,male,46,17,proactive,7,10440136,60.48
D1229,Kayla Wheeler,female,49,11,proactive,6,33464796,60.85
D1230,Timothy Everett,male,57,22,conservative,7,12388956,48.06
D1231,Michael Lester,male,43,7,conservative,2,20658808,42.38
D1232,Kevin Buck,male,52,19,proactive,7,29113481,59.66
D1233,Aaron Kennedy,male,48,8,proactive,7,51113858,63.04
D1234,Jose Roberts,male,54,18,proactive,9,33393849,56.33
D1235,John Zhang,male,47,16,proactive,7,14758432,63.88
D1236,Donald Evans,male,43,-8,conservative,3,26300714,52.3
D1237,Daniel Obrien,male,46,9,conservative,8,89502718,39.61
D1238,Michael Parker,male,40,5,conservative,7,31228870,42.77
D1239,Aaron Nelson,male,47,6,conservative,3,11614287,45.84
D1240,Tricia Gutierrez,female,37,5,proactive,3,18391727,61.4
D1241,Christopher Smith,male,42,11,conservative,4,19398597,47.45
D1242,Jeffrey James,male,48,12,conservative,5,11353496,44.12
D1243,Mark Hahn,male,46,7,conservative,2,25006328,44.29
D1244,Todd Hayes,male,48,14,conservative,4,70103840,41.72
D1245,John Williams MD,male,40,7,conservative,8,11072962,47.47
D1246,Steven White,male,48,10,proactive,3,50611944,59.92
D1247,Alexander Hernandez,male,52,16,conservative,4,24066661,46.04
D1248,Wendy Gonzalez,,47,9,proactive,3,12457021,61.21
D1249,Jeffery Fowler,male,40,7,proactive,7,12652160,61.87
D1250,Mark Zamora,male,50,14,conservative,6,12382355,44.79
D1251,Ronald Bryant,male,42,7,conservative,7,33873001,45.58
D1252,Eric Hernandez,male,47,13,conservative,6,18580086,44.92
D1253,Charles Hatfield,male,35,2,conservative,8,21302712,46.87
D1254,Marcus Allen,male,51,25,conservative,8,19268982,38.9
D1255,Brandon Grimes,male,50,4,proactive,8,32405230,60.79
D1256,Edward Silva,male,46,12,proactive,8,23067645,63.25
D1257,Eddie Baker,male,46,5,conservative,7,10233490,42.08
D1258,Scott Wilson,male,46,3,conservative,3,53488335,48.88
D1259,Kenneth Singleton,male,49,11,conservative,6,18405928,34.86
D1260,Michael Harris,male,51,11,proactive,4,15735831,57.48
D1261,Anne Hayden,female,47,6,conservative,8,30735187,47.05
D1262,Christian Brown,male,51,10,conservative,7,10750770,43.24
D1263,Mr. Micheal Cabrera,male,52,18,proactive,6,21772476,58.32
D1264,Anna Sanders,,51,6,conservative,3,12090353,48.74
D1265,Andrew Thomas,male,47,7,conservative,3,24820380,51
D1266,Sabrina Douglas,female,44,17,conservative,9,17239634,44.8
D1267,Ronald Rose,male,56,29,proactive,4,10529747,62.07
D1268,Scott Young,male,48,1,conservative,4,32789303,47.05
D1269,Brian Vaughn,male,58,11,conservative,4,31047945,39.89
D1270,Andrew Davidson,male,55,18,,8,55417825,63.07
D1271,Jason Schmidt,male,54,27,proactive,9,11845291,61.81
D1272,Mario Davis,male,48,13,conservative,6,31219400,48.51
D1273,Donald Christensen,male,46,8,proactive,3,13279767,59.88
D1274,Victoria Smith,female,56,21,proactive,8,31370619,60.14
D1275,Melvin Flores,male,51,18,conservative,8,25830987,50.97
D1276,Kyle Brown,male,50,7,proactive,2,33602397,58.93
D1277,Joseph Burke,male,46,0,proactive,7,20476263,58.39
D1278,Colin Lopez,male,49,6,proactive,2,23294840,60.82
D1279,Michael Farmer,male,47,14,conservative,5,13785777,39.54
D1280,Chase Daugherty,male,51,18,proactive,7,23455732,61.96
D1281,Kyle Martin DDS,male,48,0,proactive,3,38275201,55.15
D1282,Jason Scott,male,47,11,proactive,6,26630473,56.6
D1283,Rodney Sanchez,male,44,6,conservative,7,12586136,40.55
D1284,Mr. Chase Goodwin,male,55,12,conservative,6,25645784,52.12
D1285,Robert Mccoy,male,57,11,proactive,6,13772166,57.8
D1286,Steven Guzman,male,49,9,proactive,7,22423873,57.11
D1287,Brandon Fox,male,53,26,proactive,9,19625218,62.41
D1288,Cody Gutierrez,male,52,26,proactive,4,17886411,61.03
D1289,Thomas Higgins,male,48,6,proactive,2,24098365,62.56
D1290,Christopher Wright,male,48,4,conservative,3,79196554,50.12
D1291,Michael Jennings,male,54,14,conservative,8,22242695,44.69
D1292,Gary Quinn,male,49,1,proactive,8,89462911,59.18
D1293,Ryan Williams,male,46,18,proactive,4,20675169,62.13
D1294,Sabrina Wells,female,45,4,conservative,2,15272377,49.72
D1295,Curtis Thomas,male,49,14,conservative,5,90639626,44.33
D1296,Robert Johnson,male,60,26,proactive,4,17792974,60.64
D1297,Patrick Hernandez,male,46,20,proactive,8,17248432,58.42
D1298,Richard Ortiz,male,49,10,conservative,7,21865328,48.29
D1299,Peter Rodriguez,male,49,5,conservative,8,33564827,43.14
D1300,Michael Robinson,male,56,24,proactive,8,34755903,56.3